Surname Forename,Edexcel En P1 Sec A - S3 Y11 Mock 2,Edexcel En P1 Sec A - S6 Y11 Mock 2,Edexcel En P1 Sec A - R Y11 Mock 2,Edexcel En P1 Sec A - Mk,Edexcel Gd En P1 Sec A Y11 Mock 2,Edexcel En P1 Sec B AO5.1 Y11 Mock 2,Edexcel En P1 Sec B AO6.1 Y11 Mock 2,Edexcel En P1 Sec B Q1,Edexcel En P1 Sec B AO5.2 Y11 Mock 2,Edexcel En P1 Sec B AO6.2 Y11 Mock 2,Edexcel En P1 Sec B Q2,Edexcel En P1 Sec B Mk,Edexcel En P1 Sec B,Attain KS4 En - GCSE P1 Y11 Mock 2,Edexcel En P2 Sec A - S Y11 Mock 2,Edexcel En P2 Sec A - R1 Y11 Mock 2,Edexcel En P2 Sec A - R2 Y11 Mock 2,Edexcel En P2 Sec A - C6 Y11 Mock 2,Edexcel En P2 Sec A - C14 Y11 Mock 2,Edexcel En P2 Sec A - Mk,Edexcel Gd En P2 Sec A Y11 Mock 2,Edexcel En P2 Sec B AO5.1 Y11 Mock 2,Edexcel En P2 Sec B AO6.1 Y11 Mock 2,Edexcel En P2 Sec B Q1,Edexcel En P2 Sec B AO5.2 Y11 Mock 2,Edexcel En P2 Sec B AO6.2 Y11 Mock 2,Edexcel En P2 Sec B Q2,Edexcel En P2 Sec B Mk,Attain KS4 En - GCSE P2 Y11 Mock 2,Edexcel En Tot mark,Attainment KS4 En - New G Y11 Mock 2,Apply6thFrm
Pupil 1,3,3,8,,3,11,7,,,,,,,4+,4,7,3,4,4,,2,17,11,,,,,,5-,,4-,y
Pupil 2,3,0,0,,1,9,4,,,,,,,2,3,0,2,0,0,,1,8,5,,,,,,2,,1+,n
Pupil 3,3,4,10,,4,14,9,,,,,,,6-,5,4,7,4,7,,3,13,8,,,,,,4,,4,y
Pupil 4,3,2,3,,2,3,5,,,,,,,2+,3,5,6,0,0,,2,13,8,,,,,,3,,2+,n
Pupil 5,3,3,5,,3,12,9,,,,,,,4,6,6,7,2,6,,3,15,9,,,,,,5-,,4-,n
Pupil 6,3,4,8,,4,12,8,,,,,,,5,6,7,7,3,4,,3,13,8,,,,,,4,,4-,n
Pupil 7,2,6,13,,5,17,10,,,,,,,8-,6,9,9,5,9,,4,12,8,,,,,,5,,6-,y
Pupil 8,2,2,6,,3,7,4,,,,,,,3-,5,4,4,2,3,,2,12,5,,,,,,3,,2+,n
Pupil 9,3,4,15,,5,21,14,,,,,,,9-,6,10,11,6,13,,5,17,12,,,,,,8-,,8,y
Pupil 10,3,6,14,,5,18,12,,,,,,,9-,5,8,8,6,9,,4,12,10,,,,,,5+,,6,y
Pupil 11,3,6,13,,5,15,11,,,,,,,8-,5,11,4,5,5,,3,18,12,,,,,,6-,,6-,y
Pupil 12,2,6,14,,5,14,10,,,,,,,7+,6,10,11,5,13,,4,12,8,,,,,,6,,6,y
Pupil 13,3,4,8,,4,14,8,,,,,,,5,6,8,5,4,4,,3,17,10,,,,,,5,,4+,y
Pupil 14,3,6,13,,5,14,9,,,,,,,7+,6,8,7,5,11,,4,14,9,,,,,,5+,,5+,y
Pupil 15,3,1,6,,3,13,7,,,,,,,3+,3,4,3,2,0,,1,11,7,,,,,,3-,,3-,n
Pupil 16,3,4,13,,5,22,13,,,,,,,9-,4,7,10,5,13,,4,19,13,,,,,,7+,,7+,y
Pupil 17,3,6,11,,5,19,12,,,,,,,8,4,9,9,4,6,,3,18,12,,,,,,6,,6,n
Pupil 18,3,4,9,,4,15,11,,,,,,,6,5,8,7,3,8,,3,15,10,,,,,,5,,5,y
Pupil 19,3,4,7,,3,13,9,,,,,,,5,6,8,7,4,4,,3,15,8,,,,,,5-,,4,n
Pupil 20,3,4,11,,4,18,9,,,,,,,7-,4,8,5,5,8,,3,14,9,,,,,,5-,,5,y
Pupil 21,3,2,0,,2,0,0,,,,,,,1+,3,0,0,4,5,,1,11,7,,,,,,3-,,1+,n
Pupil 22,3,4,8,,4,11,7,,,,,,,5-,6,8,8,4,3,,3,12,8,,,,,,4,,4-,y
Pupil 23,3,4,8,,4,12,8,,,,,,,5,6,7,5,4,4,,3,12,7,,,,,,4-,,4-,y
Pupil 24,3,3,6,,3,10,7,,,,,,,4-,5,5,6,2,4,,2,13,6,,,,,,3+,,3,n
Pupil 25,3,4,8,,4,17,10,,,,,,,6,4,8,8,2,6,,3,14,9,,,,,,5-,,5-,y
Pupil 26,3,5,9,,4,14,9,,,,,,,6-,3,6,9,6,7,,3,12,8,,,,,,4+,,4+,n
Pupil 27,3,4,8,,4,11,8,,,,,,,5-,4,4,4,2,3,,2,13,8,,5,,,,3,,3,n
Pupil 28,3,5,13,,5,19,13,,,,,,,9-,6,12,11,6,6,,4,16,9,,,,,,6+,,7-,y
Pupil 29,3,4,10,,4,14,10,,,,,,,6,5,6,8,6,5,,3,13,8,,,,,,4+,,4+,y
Pupil 30,3,4,4,,3,10,4,,,,,,,3,5,5,5,3,4,,2,10,5,,,,,,3,,3-,n
Pupil 31,2,2,8,,3,11,8,,,,,,,4,4,4,7,5,9,,3,13,8,,,,,,4+,,4-,n
Pupil 32,3,4,11,,4,14,10,,,,,,,6+,4,9,8,6,8,,4,13,8,,,,,,5,,5,y
Pupil 33,3,5,9,,4,11,4,,,,,,,5-,5,7,6,4,3,,3,13,7,,,,,,4-,,3+,n
Pupil 34,3,5,10,,4,12,9,,,,,,,6-,6,8,11,6,3,,3,18,12,,,,,,6+,,5+,y
Pupil 35,3,4,8,,4,12,8,,,,,,,5,6,8,7,3,1,,3,17,10,,,,,,5-,,4,n
Pupil 36,3,2,6,,3,9,6,,,,,,,3,6,7,5,5,3,,3,12,7,,,,,,4-,,3,n
Pupil 37,3,2,8,,3,11,5,,,,,,,4-,4,6,4,3,4,,2,12,5,,,,,,3,,3,n
Pupil 38,2,4,9,,4,11,5,,,,,,,4+,4,4,7,4,4,,2,10,7,,,,,,3,,3,n
Pupil 39,3,5,14,,5,20,12,,,,,,,9-,5,9,11,4,4,,3,18,11,,,,,,6,,6+,y
Pupil 40,3,4,9,,4,13,9,,,,,,,5+,4,9,9,0,4,,3,13,10,,,,,,4+,,4,y
Pupil 41,3,3,9,,4,13,9,,,,,,,5,6,6,7,6,9,,3,17,12,,,,,,6,,5,y
Pupil 42,3,5,14,,5,22,13,,,,,,,9-,5,10,10,6,12,,4,19,12,,,,,,8-,,8,y
Pupil 43,3,2,2,,2,6,3,,,,,,,2+,3,6,4,3,3,,2,8,4,,,,,,2+,,2,n
Pupil 44,3,6,14,,5,15,11,,,,,,,8,6,12,10,4,9,,4,16,10,,,,,,6+,,6+,y
Pupil 45,3,4,7,,3,9,9,,,,,,,4+,5,8,9,4,6,,3,13,7,,,,,,4+,,4-,y
Pupil 46,3,3,3,,2,12,8,,,,,,,3+,6,3,3,1,0,,2,13,8,,,,,,3,,3-,n
Pupil 47,3,3,7,,3,11,7,,,,,,,4,5,5,7,4,6,,3,12,8,,,,,,4,,3+,n
Pupil 48,3,4,7,,3,10,5,,,,,,,4-,5,7,6,3,4,,3,14,8,,,,,,4,,3+,n
Pupil 49,3,3,9,,4,10,8,,,,,,,5-,6,6,7,5,7,,3,3,8,,,,,,3,,3+,n
Pupil 50,3,1,0,,1,12,6,,,,,,,2+,3,2,0,2,2,,1,13,6,,,,,,2+,,2,n
Pupil 51,3,5,11,,4,15,10,,,,,,,7-,6,9,8,4,8,,4,17,9,,,,,,6-,,5+,n
Pupil 52,3,4,10,,4,13,9,,,,,,,6-,6,6,6,0,5,,2,13,7,,,,,,3+,,4-,y
Pupil 53,3,6,13,,5,15,10,,,,,,,8-,5,10,10,6,13,,4,18,12,,,,,,7+,,7-,y
Pupil 54,3,3,7,,3,12,8,,,,,,,4+,6,5,5,2,4,,2,16,9,,,,,,4,,4-,y
Pupil 55,3,4,9,,4,9,9,,,,,,,5-,4,5,5,6,6,,3,12,8,,,,,,4-,,4-,y
Pupil 56,3,4,12,,4,21,12,,,,,,,8,6,5,12,6,5,,3,19,12,,,,,,6+,,6+,y
Pupil 57,3,5,8,,4,3,8,,,,,,,4-,5,4,6,4,4,,2,16,8,,,,,,4,,3+,n
Pupil 58,3,4,8,,4,15,10,,,,,,,6-,4,7,10,6,9,,4,18,12,,,,,,6+,,6-,y
Pupil 59,3,4,10,,4,12,7,,,,,,,5,6,8,6,4,8,,3,18,10,,,,,,6-,,5-,y
Pupil 60,3,2,8,,3,9,4,,,,,,,3+,5,8,3,2,3,,2,8,6,,,,,,3-,,3-,n
Pupil 61,3,5,13,,5,22,14,,,,,,,9-,6,8,12,6,10,,4,18,13,,,,,,7+,,8,y
Pupil 62,3,4,7,,3,15,9,,,,,,,5,6,10,7,5,5,,3,15,9,,,,,,5+,,5-,y
Pupil 63,3,4,9,,4,12,8,,,,,,,5,6,8,6,6,3,,3,10,6,,,,,,3+,,4-,n
Pupil 64,3,3,10,,4,13,9,,,,,,,5+,6,6,7,4,5,,3,14,7,,,,,,4+,,4,n
Pupil 65,3,2,6,,3,11,9,,,,,,,4-,6,6,6,6,3,,3,10,8,,,,,,4-,,3+,n
Pupil 66,3,3,6,,3,10,8,,,,,,,4-,6,6,6,2,8,,3,14,8,,,,,,4+,,4-,n
Pupil 67,3,2,7,,3,10,8,,,,,,,4-,6,8,10,4,6,,3,15,9,,,,,,5+,,4,n
Pupil 68,3,3,6,,3,12,9,,,,,,,4+,6,7,3,5,5,,3,12,9,,,,,,4,,4-,n
Pupil 69,3,6,15,,5,22,13,,,,,,,9,6,8,13,6,12,,4,7,7,,,,,,5,,6+,y
Pupil 70,3,1,3,,2,8,4,,,,,,,2+,4,3,5,2,4,,2,9,6,,,,,,3-,,2+,y
Pupil 71,3,4,7,,3,12,8,,,,,,,5-,5,6,6,3,6,,3,13,7,,,,,,4-,,4-,n
Pupil 72,3,2,6,,3,10,5,,,,,,,3,4,5,4,5,5,,2,12,7,,,,,,3+,,3,n
Pupil 73,2,2,6,,3,11,7,,,,,,,3+,5,4,4,1,3,,2,11,7,,,,,,3,,3-,n
Pupil 74,3,3,8,,3,13,9,,,,,,,5,4,5,5,6,5,,3,14,8,,,,,,4,,4-,n
Pupil 75,3,5,13,,5,19,12,,,,,,,8+,5,9,10,4,10,,4,16,11,,,,,,6+,,6+,y
Pupil 76,3,5,10,,4,18,7,,,,,,,6+,5,10,9,5,11,,4,14,8,,,,,,6-,,5+,y
Pupil 77,3,6,14,,5,19,12,,,,,,,9-,6,9,8,6,9,,4,17,12,,,,,,7-,,7-,y
Pupil 78,3,4,6,,3,9,4,,,,,,,3+,3,3,5,4,3,,2,7,5,,,,,,2+,,2+,n
,,,,,,,,,,,,,,,,,,,,,,,,,,,,,,,,
,,,,,,,,,,,,,,,,,,,,,,,,,,,,,,,,
Marksheet Name : Markbook En Mock 2 - Y11 : English (GCSNF),,,,,,,,,,,,,,,,,,,,,,,,,,,,,,,,
Group Name : English (GCSNF),,,,,,,,,,,,,,,,,,,,,,,,,,,,,,,,
Export Date : 26/03/2019,,,,,,,,,,,,,,,,,,,,,,,,,,,,,,,,
,,,,,,,,,,,,,,,,,,,,,,,,,,,,,,,,
     Template Notes:     ,,,,,,,,,,,,,,,,,,,,,,,,,,,,,,,,
